Claim_ID,Tier,Claim,Report_Value,SR323_Text_Lines,How_To_Test,Test_Source,Note,Test_Status
CL01,2,Welfare penalizes marriage: 'all the programs impose severe financial penalties on parents who choose to marry',"Modeled: unmarried $81,279 vs married $66,200 combined resources (penalty stated as $15,709; arithmetic gives $15,079)",2218-2246,"Rebuild the example with current program rules (SNAP, Medicaid/CHIP, housing, CCDF, EITC); check whether unmarried cohabiting fathers' income is actually 'off the books'. Compare with published marriage-penalty analyses.","CBO/CRS marriage-penalty reports; Urban Institute TRIM3; AEI/IFS (Wilcox, Rachidi, Price 2016); CRS R49020 (2026-07-02)",Your example #1. Intent vs effect is separate: penalty existence is Tier 1; effect on marriage is Tier 2. Prior research (AEI/IFS 2016) found penalties common but effects mixed.,Not yet tested
CL02,2,Rising housing costs have reduced marriage and fertility; the 'American Dream' of home ownership is out of reach for the median family,10% rise in housing cost/income → 2.4% lower fertility (L3010); 85% of owners 30-50 married vs ~65% of renters (L3046); 18% of 18-24s live with parents (L3059),3002-3064,"Pull current median home price/income ratio, first-time buyer age and share, marriage and fertility by state; test the report's regression with updated data.","NAR Profile of Home Buyers and Sellers 2025 (median first-time buyer age 40, 21% share, per prior research); Census ACS; CDC NVSS",Your example #2 ('white picket fence'). Affordability is Tier 1; causation to family formation is Tier 2 (the report itself cites Kearney/Levine/Pardue finding little link between financial factors and fertility).,Not yet tested
CL03,1,Median age at first marriage rose to 28.6 (women) and 30.5 (men),28.6 / 30.5,3143-3149,Compare with Census CPS Table MS-2 latest year,Census CPS Table MS-2,Baseline metric,Not yet tested
CL04,1,Nonmarital birth share ~40%; one-quarter of children live with a single parent,40% / 25%,127-128,Compare with CDC NVSS and Census CPS children's living arrangements,CDC NCHS; Census CPS,Baseline metric,Not yet tested
CL05,1,Fertility fell from 2.12 (2007) to approximately 1.6 (2023),2.12 -> ~1.6,2451-2453,Compare to CDC NVSS final/provisional TFR for 2023-2025,CDC NCHS,Baseline metric; fetch latest year,Not yet tested
CL06,1,OECD average TFR 1.5 (2024); Israel the only developed country above 2.0 (~2.9-3.0),1.5; ~2.9,"2408-2410, 4232-4235",Check OECD Family Database,OECD,Report gives 'about 3.0' in one place and 2.9 in another,Not yet tested
CL07,1,Federal means-tested spending $1.68T in FY2024; ~$750B to families with children; 'more than 90 programs',$1.68T; $750B,"2163-2165, 2344","Reconcile with CRS, CBO, Heritage's own series, and Census definitions",CRS; CBO; OMB Analytical Perspectives,Depends on definition of 'means-tested'; Tier 1 but definition-sensitive,Not yet tested
CL08,1,EITC overclaiming: 14.6M single filers claimed EITC for children (2017) vs 11.67M single-parent families; only 6-7M likely eligible,14.6M (later 14.7M) vs 11.67M,2358-2367,"Check IRS EITC compliance studies and Census; note filing-unit vs household definitions (a single-parent household can contain multiple eligible filers, and noncustodial claims, etc.)",IRS EITC Compliance Study; Census CPS ASEC; Treasury (TIGTA),Internal inconsistency 14.6 vs 14.7. Counting method is contested.,Not yet tested
CL09,2,1996 welfare reform 'halted' the decline in two-parent families and non-marital births,Charts 12-14 (L2057-2119),2046-2119,"Compare to pre/post trends controlling for other factors (EITC expansion, economy, contraception, Great Recession)",Peer-reviewed evaluations; CBO; ACF,Tier 2 causal claim,Not yet tested
CL10,1,"Statutory marriage benefits: GAO found 1,138 federal provisions where marital status matters","1,138",4139-4141,Check GAO-04-353R and any updates,GAO,Report cites GAO (older report),Not yet tested
CL11,1,"Standard deduction MFJ $30,000 vs $15,000 single (tax year 2025)","$30,000 / $15,000",4155-4160,IRS Rev. Proc. for TY2025; note OBBBA raised amounts,IRS,Verify against current-law figures,Not yet tested
CL12,1,"CTC $2,200 per qualifying child; refundable ACTC max $1,700 (2025)","$2,200; $1,700",4515-4521,IRS/Treasury; P.L. 119-21,IRS,Likely correct for OBBBA; confirm,Not yet tested
CL13,1,"Adoption credit up to $17,670 (2026), partly refundable to $5,000","$17,670; $5,000",4614-4622,IRS 2026 figures,IRS Rev. Proc.,Check,Not yet tested
CL14,1,"Trump Accounts: $1,000 deposit for births 2025-2028","$1,000","3110-3112, 5151",Compare with P.L. 119-21 text and Treasury launch details,Treasury; IRS,Status: launched 2026-07-04 (see asks register B09),Not yet tested
CL15,2,Hungary's policies caused a real jump in marriages and a modest fertility rise,"Marriage rate ~doubled 2010-2020/21; TFR 1.25 -> 1.5-1.6, 1.38 in 2024",4309-4418,Use Hungary Central Statistical Office; check if post-2021 decline erased gains,KSH Hungary; Eurostat,Report itself concedes the fertility effect is mostly timing and rates 'declined in recent years',Not yet tested
CL16,2,IVF access does not raise overall birth rates; may shift births later,'no evidence that IVF boosts overall birth rates' (L3465),3465-3486,Compare with country-level and mandate-state studies,Peer-reviewed literature; CDC ART reports,Contested; verify evidence quality,Not yet tested
CL17,2,Restorative reproductive medicine yields live-birth rates similar or higher than single-cycle IVF,32.1% (403 women after failed IVF); 52.8% cumulative (Irish NaPro); 57% pregnancy / 44% live birth (iNEST),3524-3559,"Check cited studies' designs (retrospective, selection)","Cited studies, fn401-405",Mostly small cohort/retrospective; treat as Tier 2,Not yet tested
CL18,1,Online-meeting couples ~6x more likely to divorce within 3 years,6x,1549-1553,Check cited source and sample,Cited study fn151-152,Check,Not yet tested
CL19,1,Premarital partners: 1-8 partners → ~150% higher divorce likelihood; 9+ → ~triple,150%; 3x,1618-1622,Check Smith & Wolfinger and replication,Cited study fn167,Association vs causation (Tier 2),Not yet tested
CL20,1,Porn users 'nearly twice as likely' to be divorced across a six-year span,~2x,1645-1646,Check cited panel study,fn173,Tier 1 association; causation contested,Not yet tested
CL21,2,Kentucky 50-50 custody default 'improved' divorce rate: fell 25% (2016-2023) vs 18% nationwide,25% vs 18%,1827-1829,"Check CDC marriage/divorce rates by state, control for pre-trend",CDC NVSS divorce rates,Single-state pre/post comparison,Not yet tested
CL22,1,"NCMEC: 485,000 AI-generated CSAM reports in H1 2025 vs 67,000 in all of 2024","485,000 vs 67,000",3636-3637,NCMEC CyberTipline data,NCMEC,Check,Not yet tested
CL23,1,46% of teens 13-17 use the Internet 'almost constantly',46%,3651-3653,Pew 2024,Pew,Check,Not yet tested
CL24,1,Housing: 'near record high (18 percent)' of adults 18-24 live in parents' home,18%,3059-3061,Census CPS living arrangements,Census,Check,Not yet tested
CL25,1,"Fertility regression: each +1 weekly labor hour per working-age adult → +0.74 births per 1,000 women; n=50 states, R² 0.66-0.77",0.74; 0.61; 1.3,2637-2710,"Replicate Table 1 using public state data; check robustness (n=50, 2018-2020 vintage)",CDC WONDER; BLS; Census,Small-n cross-section; Tier 2,Not yet tested
CL26,1,Graduate PLUS elimination 'could save roughly $34 billion over 10 years',$34B,3312-3313,CBO score of P.L. 119-21 student loan provisions,CBO/CRFB,Check against enacted provisions,Not yet tested
CL27,1,Combined 10-year cost of FAM+HCE+NEST < 0.9% of Social Security+Medicare spending ($116 per $1),$188.7B + ~$92B vs ~$32.6T implied,5224-5229,Recompute using CBO baseline; note $92B vs $83.8B inconsistency,CBO Budget and Economic Outlook,Implied total ~$281B vs ~$32.6T → ~0.86%,Not yet tested
CL28,1,S&P 500 average annual return 11.7% since 1960 (assumption driving NEST balances),11.7%,5483,Check Damodaran series start year and nominal vs real,Damodaran historical returns,Flagged by extraction; NEST projections assume nominal 11.7%,Not yet tested
CL29,1,Head Start RCT (HHS 2012) found little to no lasting impact; later follow-ups contested,'little to no impact',4876-4877,Check HHS Head Start Impact Study and later long-run studies,HHS/ACF; peer-reviewed follow-ups,Tier 2; mixed evidence,Not yet tested
CL30,1,GAO Jan 2024: at least 15 child-safety violations at Head Start centers under interim management; HHS OIG 2022: ~1 in 4 grantees had incidents,15; ~25%,4879-4886,GAO and OIG reports,GAO; HHS OIG,Check,Not yet tested
CL31,2,"Marriage 'greatly reduces poverty, child sexual abuse, suicide rates, and drug abuse'; a 1-pt rise in married share → 2% fall in violent crime per capita",2% per 1 pt,1900-1912,Check selection effects; instrumental/panel evidence,Cited studies fn205-208,Tier 2 causal,Not yet tested
CL32,2,Decline in marriage has cost Americans $13T over a decade; 2021 GDP lower by 5.5%,$13T; 5.5%,1913-1924,Trace to Wilcox/Lerman; assess assumptions,fn209-211,Tier 2 modeling claim,Not yet tested
CL33,3,"Natural marriage should be favored over same-sex and polyamorous relationships, cohabitation, intentional single parenthood",Normative,5286-5293,Not falsifiable; track only related legal actions,n/a,Normative principle (register rows P01-P06),Not yet tested
