Ask_ID,Category,Actor,Ask,Mechanism,Dollar_Figure,SR323_Text_Lines,Trackability,Status_2026-10-01,Event_Dates,Predates_SR323,Evidence,Source_URL,Confidence
A01,Executive/cross-agency,President,"Executive orders requiring every grant, contract, policy, regulation, research project and enforcement action to measure effect on marriage/family, block anti-family discrimination, prefer pro-family actions",Series of EOs modeled on the DEI rollback,,322-326,Federal-checkable,NO MATCH FOUND,,NA,"No EO found requiring family-impact measurement across grants, contracts, rules or enforcement (absence-of-evidence from general searches of whitehouse.gov/Federal Register).",,Med
A02,Executive/cross-agency,President/OMB,Amend EO 12866 so adverse effects on marriage/family count as 'significant' impacts triggering regulatory impact analysis,EO amendment,$100M threshold context,3883-3887,Federal-checkable,NO MATCH FOUND,2025-02-18,NA,EO 12866 was amended by EO 14215 (Feb 2025) only to extend OIRA review to independent agencies; no marriage/family 'significant' trigger found. SR323 itself cites EO 14215.,https://www.federalregister.gov/documents/full_text/html/2025/02/25/2025-03138.html,Med
A03,Executive/cross-agency,OMB/OIRA,Standardized 'Family Impact Appendix' on every major rule and significant grant (Circular A-4; seven Sec. 654 factors),OIRA guidance,,3890-3913,Federal-checkable,NO MATCH FOUND,,NA,No OMB/OIRA 'Family Impact Appendix' or Circular A-4 family guidance found. Sec. 654 (1999) family-assessment statute pre-exists; no new implementing action located.,,Low
A04,Executive/cross-agency,White House/OMB,Designate a White House lead; publish a Family Formation and Social Capital Strategy with targets and a crosscut budget,ONDCP-style crosscut,,3916-3921,Federal-checkable,NO MATCH FOUND,,NA,"No White House family lead, Family Formation and Social Capital Strategy, or crosscut budget found. Only reported 'baby bonus' ideas and a Moms.gov launch, neither matching.",https://abcnews.com/Politics/trump-administration-5000-baby-bonus-incentivize-public-children/story?id=121094707,Low
A05,Executive/cross-agency,Federal agencies,Prioritize family formation in Evidence Act learning agendas and evaluation plans,Evidence Act,,3926-3928,Federal-checkable,NO MATCH FOUND,,NA,No agency Evidence Act learning agenda found prioritizing family formation; HHS/USDA plans predate the report.,https://aspe.hhs.gov/topics/data/evidence-act,Low
A06,Executive/cross-agency,OMB + DOJ,Uniform guidance for family-impact assessment in federally assisted programs; family-policy conditions on grants enforceable by DOJ (debarment),Title VI-style coordination,,3940-3951,Federal-checkable,NO MATCH FOUND,,NA,No OMB guidance on family-impact assessment and no DOJ-enforceable family grant conditions found.,,Low
A07,Executive/cross-agency,DOT,Prefer grant applicants from communities with above-average marriage/birth rates; score commute-time effects on households with children; extend approach to every agency,Duffy memo (Jan 2025) cited as the model,,3961-3987,Federal-checkable,PARTIALLY VERIFIED,2025-01-29,Y,DOT Order 2100.7 directs preference for communities with marriage/birth rates above national average and mitigating family impacts. Commute-time scoring is Heritage's hypothetical. Not extended to other agencies. Order text itself not opened (relied on law-firm summary).,https://www.wiley.law/alert-DOT-Order-Links-Federal-Transportation-Funds-to-Marriage-and-Birth-Rates,High
A08,Executive/cross-agency,DOT,Finalize child-seating rule required by FAA Reauthorization Act of 2024; extend to other common carriers,Rulemaking,,3988-4000,Federal-checkable,PARTIALLY VERIFIED,2024-08-09; 2026-05-22,Y,Congress mandated family seating (FAA Reauth Act 2024). DOT NPRM published 2024-08-09; rule listed as long-term action with no final date; Sen. Markey letter 2026-05-22 says no action for 18+ months. Not extended to other carriers.,https://www.reginfo.gov/public/do/eAgendaViewRule?pubId=202504&RIN=2105-AF15,High
A09,Executive/cross-agency,Treasury/Labor/Commerce,Add marriage and family formation rates as a prioritized criterion for all economic policy,Policy criterion,,4009-4011,Federal-checkable,NO MATCH FOUND,,NA,"No Treasury/Labor/Commerce action making marriage/family formation a prioritized criterion; only DOT (A07), for DOT only.",,Low
A10,Executive/cross-agency,HHS,"Expand relationship education/Healthy Marriage and Responsible Fatherhood programs; marriage 'bootcamp' for cohabiting parents with privately funded wedding bonus up to $5,000",HHS/ACF grants; churches and nonprofits deliver,"Wedding bonus up to $5,000 (private); $35M HEART precedent",4023-4055,Federal-checkable,PARTIALLY VERIFIED,2025-09-30,Y,"ACF awarded $100M+ to 109 organizations (HEART marriage education, FORGE fatherhood, READY4Life). Existing HMRF continued; no expansion, cohabiting-parent bootcamp, or private $5,000 wedding bonus found.",https://acf.gov/media/press/2025/over-100-million-healthy-marriage,Med
A11,Executive/cross-agency,HHS,Fund pro-marriage public awareness campaigns,HHS communications/grants,,4056-4074,Federal-checkable,NO MATCH FOUND,,NA,No HHS-funded pro-marriage public awareness campaign found in 2025-2026.,https://acf.gov/media/press/2025/over-100-million-healthy-marriage,Low
A12,Executive/cross-agency,NSF/NIH/DOE/USDA/DARPA,Amend NSF Broader Impacts and NIH significance criteria to require marriage/family outcomes,Grant criteria,,4098-4113,Federal-checkable,NO MATCH FOUND,2025-12-17,NA,No NSF/NIH/DOE/USDA/DARPA criterion requiring marriage/family outcomes found. National Science Board recommended renaming Broader Impacts to 'societal benefits' (no family content).,https://www.aera.net/Newsroom/AERA-Highlights-E-newsletter/AERA-Highlights-January-2026/NSF-Updates-Reorganization-and-Release-of-NSB-Merit-Review-Report-and-Recommendations,Med
A13,Executive/cross-agency,Dept. of Education,Highlight curricula teaching life skills / success sequence,Guidance/promotion,,4088-4094,Federal-checkable,NO MATCH FOUND,,NA,"No federal Dept. of Education action on success-sequence curricula found; only state laws (e.g., Ohio, Mississippi). ED grant priorities not checked directly.",https://www.edweek.org/policy-politics/success-sequence-urges-marriage-then-parenthood-these-states-want-schools-to-teach-it/2026/04,Med
A14,Executive/cross-agency,President (OSTP),Create Family and Technology Working Group in OSTP,White House body,,3766-3784,Federal-checkable,NO MATCH FOUND,,NA,No OSTP Family and Technology Working Group found.,,Med
A15,Executive/cross-agency,NIST/CAISI,"Develop AI 'family alignment' principles, testing/transparency framework, developer best practices",Direction by President or Congress,,3785-3794,Federal-checkable,NO MATCH FOUND,2026-03-20,NA,No CAISI 'family alignment' framework found. White House AI legislative framework (2026-03-20) includes parental controls/age assurance but no NIST/CAISI family role.,https://iapp.org/news/a/children-s-online-safety-preemption-highlight-white-house-s-ai-policy-recommendations,Med
B01,Welfare/tax,Congress,"Eliminate or sharply reduce marriage penalties across ~90 means-tested programs, holistically; claimed cost-neutral via fraud/waste cuts",Statute,$1.68T/yr means-tested; ~$750B to families with children,2318-2334,Federal-checkable,NO MATCH FOUND,,NA,No holistic marriage-penalty reform across means-tested programs found. RSC 'Reconciliation 2.0' framework (Jan 2026) includes a CDCTC marriage-penalty fix (~$25B) but it is a proposal; whether it was introduced/passed not confirmed.,https://www.newsweek.com/republican-plan-childcare-tax-credit-11384473,Med
B02,Welfare/tax,Congress,"Strengthen work requirements for TANF, public housing, SNAP; close EITC loopholes",Statute,,2338-2343,Federal-checkable,PARTIALLY VERIFIED,2025-07-04; 2025-11; 2026-06-03,Y,"P.L. 119-21 expanded SNAP work requirements (ABAWD age to 64) and created Medicaid work requirements (CMS IFR 2026-06-03; states comply by 2027-01-01). No TANF, public housing, or EITC-loophole action found.",https://www.federalregister.gov/documents/2026/06/03/2026-11094/medicaid-program-community-engagement-requirement-for-certain-individuals,High
B03,Welfare/tax,Congress,Radically restructure and simplify welfare programs so benefit value is transparent,Statute,,2349-2352,Federal-checkable,NO MATCH FOUND,2026-09-01,NA,No bill found restructuring/simplifying welfare for benefit transparency. House Ways and Means hearing (2026-09-01) on 30th anniversary of welfare reform praised P.L. 119-21 work requirements.,https://waysandmeans.house.gov/2026/09/01/work-welfare-subcommittee-chairman-lahood-opening-statement-at-hearing-on-the-30th-anniversary-of-welfare-reform-no-government-program-can-substitute-the-stability-confidence-purpose-and-con/,Med
B04,Welfare/tax,Congress/IRS,"Eliminate fraud, waste and excess benefits, EITC singled out (14.6M single filers claimed vs 6-7M likely eligible, 2017)",Enforcement/statute,'billions' unquantified,2353-2367,Federal-checkable,PENDING,2026-08-19,N,"Treasury/IRS proposed regs (2026-08-19) limit the REFUNDED portion of EITC, CTC, AOTC and adoption credit to citizens, nationals and qualified aliens. Narrower than the ask (immigration eligibility, not general EITC fraud or excess benefits). Proposed only.",https://home.treasury.gov/news/press-releases/sb0608,High
B05,Welfare/tax,Congress,"Cap on total stacked benefits, especially Section 8 / public housing",Overall benefit ceiling,"Example $75,000+ package",2368-2380,Federal-checkable,NO MATCH FOUND,,NA,No bill or action capping total stacked benefits or Section 8/public housing packages found.,,Low
B06,Welfare/tax,Congress,"FAM (Family and Marriage) credit: refundable $4,418/yr for 4 years ($17,670 total) per child of married biological parents, work requirement, 25% Large Family Bonus for 3rd+ child",New tax credit,$188.7B/10yr with HCE,332-343 and 4690-4760,Federal-checkable,NO MATCH FOUND,,NA,No FAM / 'Family and Marriage' credit bill found after Jan 2026 (congress.gov bill search unavailable; web search only). Only commentary on the report.,https://www.dailysignal.com/2026/01/08/heritage-outlines-plan-to-save-american-family/,Med
B07,Welfare/tax,Congress,"Home Childcare Equalization credit: +$2,000 per child under 5 for married FAM-eligible families",Add-on credit,"$2,000/child; part of $188.7B",390-393 and 4809-4856,Federal-checkable,NO MATCH FOUND,,NA,"No Home Childcare Equalization bill found. S.535 'Respect Parents' Childcare Choices Act' is a different pre-existing bill, not verified as equivalent.",https://www.congress.gov/bill/119th-congress/senate-bill/535/text,Med
B08,Welfare/tax,Congress,"NEST (Newlywed Early Starters Trust) accounts: $2,500 federal seed; tax-free withdrawal on marriage by about age 30; unclaimed funds convert to IRAs",New account type building on Trump Accounts,"$2,500 seed; ~$92B/10yr in text vs $83.8B in appendix",352-362 and 4923-5193,Federal-checkable,NO MATCH FOUND,2026-02-11,NA,"No Newlywed Early Starters Trust bill found. Rep. Cammack's 'NEST Act' (H.R. 7422, 2026-02-11) is the Next-Generation Equity Savings Tool, a first-time homebuyer account, not the Heritage proposal (name collision).",https://cammack.house.gov/media/press-releases/rep-cammack-introduces-nest-act,Med
B09,Welfare/tax,Congress,"Expand Trump Accounts (supports NEST); report treats existing $1,000 newborn deposit as baseline",Statute,"$1,000 per newborn (existing)","352-355, 3108-3115",Federal-checkable,PARTIALLY VERIFIED,2025-07-04; 2026-05-28; 2026-07-04,Y,"Trump Accounts enacted in P.L. 119-21 ($1,000 for births 2025-2028). Treasury app launched 2026-05-28; pilot deposits and contributions began 2026-07-04. Baseline predates SR323; no expansion found.",https://home.treasury.gov/news/press-releases/sb0508,High
B10,Welfare/tax,Congress,Remove EITC marriage penalty and small-family bias (implied by critique),Statute,"Example: $6,805 single vs $3,039 married",4500-4514,Federal-checkable,NO MATCH FOUND,2026-07-02,NA,No enacted or introduced EITC marriage-penalty fix found for 2026. P.L. 119-21 did not alter EITC structure. A CRS report on marriage penalties (2026-07-02) describes current law.,https://www.congress.gov/crs_external_products/R/PDF/R49020/R49020.1.pdf,Low
B11,Welfare/tax,Congress,Fix adoption credit and CDCTC design biases (implied by critique),Statute,,4648-4675,Federal-checkable,PARTIALLY VERIFIED,2025-07-04; 2026-01,Y,"P.L. 119-21 made the adoption credit partly refundable (up to $5,000) and raised the CDCTC max rate from 35% to 50% (effective 2026). RSC Jan 2026 plan to change CDCTC is a proposal.",https://www.kiplinger.com/taxes/trump-megabill-changes-for-parents,Med
B12,Welfare/tax,Congress,"Head Start: block grants/ESAs to states (Head Start Improvement Act model), or move funds to CCDBG, or let parents use funds for at-home care",Statute,Head Start >$12B/yr,4887-4922,Federal-checkable,NO MATCH FOUND,2026-04; 2026-06-04,NA,No Head Start block-grant/ESA bill found. FY2027 White House budget and House proposal hold Head Start ~ $12.3B. A July 2025 directive barring some immigrants was enjoined. One 2026-07-27 bill reportedly expands Head Start (opposite direction; not verified).,https://www.tryplayground.com/blog/house-releases-fy-2027-proposal-for-ccdbg-head-start-and-pdg-b-5,Med
B13,Welfare/tax,Congress,Child credits only for households with at least one working parent; child payments only to legally responsible adults,Statute/verification,,4461-4471,Federal-checkable,PARTIALLY VERIFIED,2025-07-04; 2026-08-19,Y,"P.L. 119-21 requires an SSN for the CTC and sets it at $2,200 indexed; Treasury proposed regs limit refunded credits by status. No 'one working parent' rule or legally-responsible-payee rule found.",https://www.kiplinger.com/taxes/trump-megabill-changes-for-parents,Low
B14,Welfare/tax,Congress,Extend FMLA leave from 12 weeks to six months for breastfeeding mothers,Statute,,4198-4199,Federal-checkable,NO MATCH FOUND,,NA,No bill found extending FMLA to six months for breastfeeding mothers. Related FMLA bills found do not match.,https://www.newsweek.com/fmla-expansion-parents-time-off-workers-employees-12438783,Med
C01,Housing/economy,Congress,Fully privatize Fannie Mae and Freddie Mac,Statute/conservatorship exit,,2759-2761,Federal-checkable,PARTIALLY VERIFIED,2025-05 to 2026-09,Y,Fannie/Freddie remain in conservatorship as of late Sept 2026. Trump said in June 2026 an IPO is 'not off the table'. Only partial steps toward exit; one detail (Pulte DNI role) unconfirmed.,https://www.mortgage-underwriters.org/mortgage-underwriting-news/2026/9/29/fannie-and-freddie-shares-sink-as-investors-question-the-path-out-of-conservatorship,Med
C02,Housing/economy,Federal Reserve,Stop purchasing MBS and shrink existing MBS portfolio,Fed policy,,2760-2761,Federal-checkable,PARTIALLY VERIFIED,2025-12-01 to 2025-12-10,Y,"Fed ended QT on 2025-12-01 and began reserve-management Treasury purchases. MBS holdings reportedly ~$1.91T on 2026-09-10, running off only gradually (secondary source).",https://www.hsh.com/finance/mortgage/latest-move-by-the-federal-reserve.html,Low
C03,Housing/economy,Federal Reserve,Restore sound money; full convertibility to gold,Monetary regime change,,2739-2741,Federal-checkable,NO MATCH FOUND,,NA,Only bills and commentary on speculative gold revaluation; no enacted or announced gold-convertibility action.,https://www.congress.gov/bill/119th-congress/senate-bill/3218/all-info,Med
C04,Housing/economy,Local governments,Eliminate rent control and stringent zoning restrictions,Local law,,2762-2763,State-local patchwork,AFFIRMATIVELY CONTRADICTED,2025-12 to 2026-01,NA,"Local action ran opposite in cases found: Los Angeles cut its rent-increase cap (Dec 2025), Santa Barbara adopted a rent freeze (Jan 2026). State zoning reforms exist but were not itemized. Mixed picture.",https://naahq.org/news/state-legislatures-return-rent-control-follows,Low
C05,Housing/economy,Congress,"Universal savings accounts allowing at least $10,000/yr after-tax",Statute,"$10,000/yr",2771-2773,Federal-checkable,NO MATCH FOUND,2025-07-04,NA,"USA Act (S.1581/H.R.3186, $10,000 limit) not enacted. Adjacent but different vehicle: Trump Accounts for minors (P.L. 119-21).",https://www.americanactionforum.org/insight/trump-accounts-are-here-what-to-know/,Med
C06,Housing/economy,Congress,Cut capital gains taxes or index gains for inflation,Statute,,2773,Federal-checkable,NO MATCH FOUND,2026-08,NA,Not enacted as of Aug 2026. Cruz's Capital Gains Inflation Relief Act pending; Treasury reportedly weighing unilateral indexing (legal risk).,https://political.org/2026/08/22/trump-weighs-inflation-indexing-of-capital-gains-and-expanded-home-sale-exemptions-to-boost-housing-supply/,Med
C07,Housing/economy,Congress,End green-energy subsidies; change tax treatment of capital investment and R&D,Statute,,2773-2775,Federal-checkable,VERIFIED,2025-07-04,Y,P.L. 119-21 terminated most IRA clean-energy credits (end dates from 2025-09-30 through 2027). Capital-investment/R&D tax treatment half of the ask not checked.,https://bipartisanpolicy.org/explainer/2025-reconciliation-debate-one-big-beautiful-bill-act-energy-provisions/,Med
C08,Housing/economy,Congress/EPA,Categorically exclude infill housing from NEPA EIS; reduce federal permitting requirements,Statute/rule,,3072-3079,Federal-checkable,VERIFIED,2026-07-11,N,21st Century ROAD to Housing Act (P.L. 119-101) became law without signature on 2026-07-11. Sec. 206 requires HUD to create NEPA categorical exclusions including infill housing. (Primary summary re-checked.),https://www.hklaw.com/en/insights/publications/2026/08/21st-century-road-to-housing-bill-becomes-law-seeks-to-boost,High
C09,Housing/economy,HUD,"Condition CDBG/HOME and other funds on land-use reforms (menu of 3+ reforms, parcel inventory, permit shot-clocks, benchmarks)",Grant conditions,,3080-3104,Federal-checkable,PARTIALLY VERIFIED,2026-07-11,N,"ROAD Act Sec. 213 adjusts CDBG formula by housing-growth metrics (10% cut below median, bonuses at/above), effective third full fiscal year after enactment. No menu-of-reforms or shot-clock condition found.",https://www.hklaw.com/en/insights/publications/2026/08/21st-century-road-to-housing-bill-becomes-law-seeks-to-boost,High
D01,Work/education,Congress/states,Bright-line employee vs independent-contractor test (21st Century Worker Act),Statute,,2983-2987,Federal-checkable,PENDING,2026-02-26,N,DOL proposed (not final) rule on 2026-02-26 rescinding the 2024 contractor rule and reviving the 2021 two-core-factor test; comment period closed 4/28. Sen. Lee's 21st Century Worker Act (S.4010) introduced Mar 2026; no floor action found.,https://www.dol.gov/newsroom/releases/whd/whd20260226,Med
D02,Work/education,Congress/states,End government monopoly on registered apprenticeships (Apprenticeship Freedom Act; Training America's Workforce Act),Statute,,2988-2991,Federal-checkable,PARTIALLY VERIFIED,2026-03-09,N,"DOL apprenticeship guidance (2026-03-09): competency-based completion and a 30-day registration shot clock, keeping the registered system. No Apprenticeship Freedom Act or Training America's Workforce Act enactment found.",https://www.metaintro.com/blog/dol-apprenticeship-rule-changes-2026-workforce-development,Low
D03,Work/education,States/federal,Review and eliminate needless occupational licensure,Law/review,,2992-2994,State-local patchwork,PARTIALLY VERIFIED,2023-01 to 2025-08,Y,State universal license recognition spread (about 28 states per a 2025-08 report). No federal action or 2026 enactments found; credit is mostly pre-report baseline.,https://reason.com/2025/08/29/report-28-states-now-recognize-occupational-licenses-from-elsewhere/,Low
D04,Work/education,Congress,Working Families Flexibility Act (paid family leave via comp time),Statute,,2997-2998,Federal-checkable,PENDING,2025-11-20,Y,H.R.2870 (Working Families Flexibility Act of 2025) cleared the House Education & Workforce Committee 2025-11-20. No floor passage or Senate action found.,https://edworkforce.house.gov/news/documentsingle.aspx?DocumentID=412817,Med
D05,Work/education,Congress,Employee Rights Act (workers' voice and flexible work),Statute,,2999-3001,Federal-checkable,NO MATCH FOUND,2025,Y,Employee Rights Act (H.R.4154) introduced 2025; no committee or floor action found (absence-of-evidence).,https://www.congress.gov/bill/119th-congress/house-bill/4154/text,Low
D06,Work/education,Congress,Eliminate Grad PLUS and Parent PLUS loans; scale back federal student loans; wind down Dept. of Education,Statute,~$34B saved/10yr,"3311-3313, 4084-4087",Federal-checkable,PARTIALLY VERIFIED,2025-07-04 to 2026-07-01,Y,"P.L. 119-21 eliminated Grad PLUS for new borrowers and capped Parent PLUS ($20K/yr, $65K per student), effective 2026-07-01. Dept. of Education wind-down partial (interagency agreements; litigation ongoing); department not abolished.",https://www.nixonpeabody.com/insights/alerts/2026/05/28/institutional-readiness-considerations-grad-plus-elimination-and-parent-plus-caps,High
D07,Work/education,Supreme Court,Revisit Griggs v. Duke Power (1971) disparate-impact holding,Litigation,,3313-3315,Federal-checkable,PARTIALLY VERIFIED,2025-04-23 to 2025-12,Y,Supreme Court has not revisited Griggs. Executive branch acted: EO 14281 (Apr 2025) deprioritized disparate impact; DOJ Dec 2025 final rule removed Title VI disparate-impact regulations.,https://newenglandbizlawupdate.com/2026/03/05/are-disparate-impact-discrimination-claims-still-viable/,Med
D08,Work/education,Employers/states,Retire bachelor's degree as hiring filter; states stop requiring BAs for public-sector jobs,Voluntary/state action,,3319-3322,State-local patchwork,PARTIALLY VERIFIED,2023-04 to 2024-05,Y,20+ states removed or reviewed BA requirements for state jobs (as of May 2024). Private-sector retreat not assessed. Baseline predates the report.,https://www.brookings.edu/articles/states-are-leading-the-effort-to-remove-degree-requirements-from-government-jobs/,Med
D09,Work/education,Colleges,"Campus culture friendlier to marriage/family (premarital counseling, married housing, etc.)",Voluntary,,3333-3347,Private/civil-society,NO MATCH FOUND,,NA,No campus initiative tied to the report found; only generic existing programs.,,Low
E01,Tech/health/culture,States/schools,School-day phone bans,State law/school policy,,3668-3673,State-local patchwork,VERIFIED,2025 to 2026,N,About 26 states mandate bell-to-bell school phone bans as of 2026 (others partial); mostly enacted 2025-26. No federal action. State count differs by tracker.,https://www.newsweek.com/map-shows-us-states-with-school-phone-bans-in-2026-11335155,Med
E02,Tech/health/culture,Congress/states,Strict age verification for online pornography,Law,,3674-3675,Federal-checkable,PARTIALLY VERIFIED,2025-06-27; 2026-06,N,Free Speech Coalition v. Paxton (2025-06-27) upheld Texas age verification; about 27 states require it for adult sites. Federal SCREEN Act passed House within the KIDS Act package (2026-06); Senate pending. State laws mostly predate SR323.,https://www.recordinglaw.com/us-laws/age-verification-laws/,Med
E03,Tech/health/culture,Congress,Kids Online Safety Act (platform design-feature requirements),Statute,,3676-3678,Federal-checkable,PENDING,2026-06-29,N,"House passed H.R. 7757 (KIDS Act, includes a KOSA version without duty of care) on 2026-06-29. Sen. Blumenthal called it 'dead' in the Senate; Senate KOSA (S. 1748) pending. Not enacted. (Primary summary re-checked.)",https://www.crowell.com/en/insights/client-alerts/house-advances-bipartisan-kids-online-safety-bill-but-senate-showdown-looms,Med
E04,Tech/health/culture,Congress,Raise minimum age for social media and certain AI chatbots from 13 to 16 with real age verification,Statute,,3679-3682,Federal-checkable,PENDING,2026-03-05; 2026-06-29,N,"No federal minimum age of 16 enacted. Senate passed COPPA 2.0 (protections to age 16) 2026-03-05; House KIDS Act addresses chatbots/age verification. Neither is law. State chatbot laws exist (e.g., CA SB 243).",https://fortune.com/2026/03/18/kosa-kids-act-app-store-accountability-act-minors-age-verification/,Med
E05,Tech/health/culture,Congress,App Store Accountability Act (age ratings and parental consent for minors),Statute,,3683-3687,Federal-checkable,PARTIALLY VERIFIED,2026-03-04; 2026-06-10; 2026-07-06,N,"Federal App Store Accountability Act cleared House E&C 2026-03-04, not law. Texas state law took effect after Fifth Circuit stayed its injunction (2026-06-10); SCOTUS declined to block it 2026-07-06. Utah and Louisiana have similar laws.",https://ccianet.org/news/2026/07/supreme-court-opts-not-to-intervene-and-block-a-texas-app-store-law-that-likely-violates-first-amendment/,Med
E06,Tech/health/culture,Congress/agencies,Consolidate ~25 rural broadband programs ($41.032B) under one umbrella open to satellite; reverse auctions; clawbacks,Statute/agency reform,$41.032B across 25+ programs,3815-3845,Federal-checkable,PARTIALLY VERIFIED,2025-06-06; 2026-09-04,Y,NTIA BEAD Restructuring Policy Notice (2025-06-06) went tech-neutral and opened funding to LEO satellite. On 2026-09-04 NTIA let states redeploy about $21B of remaining BEAD funds. No statutory consolidation of the 25+ programs found.,https://rollcall.com/2026/09/04/ntia-opens-door-to-new-federal-broadband-grants/,Med
E07,Tech/health/culture,Congress/states,Statutory 'right to digital homesteading' (limit on government caps on private compute),Statute,,3846-3858,Federal-checkable,PARTIALLY VERIFIED,2025-04,Y,No federal right-to-compute law. Montana enacted a Right to Compute Act in April 2025; NH HB 1124 passed the House but went to interim study (2026-05-14). Other state bills pending.,https://www.mackinac.org/blog/2026/right-to-compute-moves-forward-in-other-states,Med
E08,Tech/health/culture,Policymakers/HHS/NIH,Restorative reproductive medicine: revise infertility coding/reimbursement; allow Title X funds for RRM/fertility awareness; prioritize NIH research on infertility causes,Regulation/statute,,3568-3592,Federal-checkable,PARTIALLY VERIFIED,2026-04,N,HHS posted Title X guidance (April 2026) shifting focus toward natural family planning and fertility awareness; clinics reapplying for Jan 2027. No NIH infertility initiative or coding/reimbursement change found. RESTORE Act (H.R. 3589) not enacted.,https://www.salon.com/2026/04/28/trump-admins-fertility-plan-prioritizes-ideology-over-science/,Med
E09,Tech/health/culture,President,IVF: lower costs without insurance mandates; press pharma on fertility-drug pricing (report endorses existing actions),EO/pricing deals,,3489-3499,Federal-checkable,VERIFIED,2025-02-18; 2025-10-16; 2026-02; 2026-05,Y,"Feb 2025 IVF EO, then 2025-10-16 EMD Serono deal (discounts up to 84% via TrumpRx), employer standalone fertility-benefit guidance, TrumpRx.gov launch (2026-02), and a tri-agency proposed rule (2026-05). The report endorses existing actions.",https://www.preludefertility.com/blog/trumps-ivf-executive-order-what-you-need-to-know,High
E10,Tech/health/culture,Government,Prioritize drug enforcement; oppose decriminalization; faster controlled-substance scheduling; further restrict vaping,Enforcement/scheduling,,1667-1702,Federal-checkable,PARTIALLY VERIFIED,2025-07; 2025-12; 2026-04-22; 2026-05-06,Y,"Mixed. HALT Fentanyl Act (July 2025) permanent class scheduling matches the scheduling ask. Opposite on marijuana: EO 14370 (Dec 2025) and a DEA rule (2026-04-22) moved medical marijuana to Schedule III. FDA authorized first fruit-flavored vapes (2026-05-06), contrary to restricting vaping.",https://www.morganlewis.com/pubs/2026/09/high-time-for-a-change-post-dea-hearing-broader-marijuana-rescheduling-questions-remain,Med
E11,Tech/health/culture,Government,"Robust conscience protections, religious exemptions, equal treatment of faith-based institutions",Law/regulation,,1437-1439,Federal-checkable,VERIFIED,2025-02-12; 2025-05-01; 2026-04-30,Y,EO 14202 (2025-02-12) created the Anti-Christian Bias Task Force; Religious Liberty Commission created 2025-05-01; Task Force report 2026-04-30 covers conscience rights and exemptions. The EOs predate SR323.,https://www.justice.gov/opa/pr/task-force-publishes-report-eradicating-anti-christian-bias-and-restoring-religious-liberty,High
E12,Tech/health/culture,Policymakers,Weigh costs and benefits of CO2 emissions; resist 'alarmism' (climate asks),Regulatory cost-benefit,,1759-1765,Federal-checkable,VERIFIED,2025-01; 2026-02-12,N,EO 14154 (Jan 2025) disbanded the social-cost-of-greenhouse-gases group. EPA finalized repeal of the 2009 endangerment finding 2026-02-12 (litigation announced/pending). Goes beyond a cost-benefit weighing. (Primary summary re-checked.),https://www.jonesday.com/en/insights/2026/02/epa-finalizes-repeal-of-greenhouse-gas-endangerment-finding,High
F01,State/civil society,States,Default 50-50 shared custody (KY 2018 model; AR Act 604 of 2021),State statute,,1822-1845,State-local patchwork,PARTIALLY VERIFIED,2026-04-08; 2026-08-01,N,"Stateline (Sep 2026) counts 7 states with a 50-50 presumption (KY, AR, WV, FL, MO, MS, LA). 2026 enactments: MS HB 1662 (effective 2026-07-01), LA HB 1239 (effective 2026-08-01). Counts differ by source.",https://stateline.org/2026/09/16/more-states-embrace-50-50-child-custody-in-divorce-cases/,Med
F02,State/civil society,States,"Modernize alimony statutes (duration caps, lump sums, terminate on remarriage)",State statute,,1846-1852,State-local patchwork,PARTIALLY VERIFIED,2023-07-01,Y,Florida's 2023 law (HB 1301) ended permanent alimony and capped durational alimony. No 2025-2026 enactment verified; SC bills stayed in committee.,https://jsparrowlaw.com/2026/03/17/alimony-reform/,Med
F03,State/civil society,States,Offer covenant marriage as an option,State statute,,1820-1821,State-local patchwork,NO MATCH FOUND,2025-03; 2026-04,NA,"Covenant marriage still only in AZ, AR, LA. TN HB 315 taken off notice 2026-04-01; MO and TX bills pending/filed; OK SB 228 failed. No 2025-2026 additions found.",https://www.abajournal.com/web/article/when-marriage-becomes-a-legal-trap,Med
F04,State/civil society,States/voters,Public scorecards for family-court judges,State/local practice,,1862-1868,State-local patchwork,NO MATCH FOUND,,NA,No family-court judge scorecard law or program found; existing judicial evaluations are general reviews.,,Low
F05,State/civil society,Governors/donors,Marital-milestone recognition with private award,Voluntary,,1869-1880,Private/civil-society,NO MATCH FOUND,,NA,No governor or donor marital-milestone recognition program found.,,Low
F06,State/civil society,States/localities,Restore blue laws / community day-of-rest laws,State/local law,,"1378-1381, 1483-1496",State-local patchwork,NO MATCH FOUND,2026-01,NA,No new Sunday/day-of-rest enactments found in 2026. Existing blue-law remnants are pre-2026 baseline.,https://atoday.org/heritage-foundation-report-calls-for-uniform-sunday-laws/,Med
F07,State/civil society,Churches,Lead a revival through family ministries and premarital classes,Voluntary,,1454-1463,Private/civil-society,NO MATCH FOUND,,NA,Untrackable: church family-ministry programs are decentralized; no denomination-wide initiative tied to SR323 found.,https://baptistnews.com/article/heritage-calls-on-government-to-save-american-families/,Low
P01,Principle (normative),All policy,Recognize natural family as pre-political reality,Principle,,5271-5274,Normative-principle,NO MATCH FOUND,2025-11-13,NA,No federal statement found recognizing the natural family as pre-political. Nearest item ('Fostering the Future' foster-care EO) has no such statement. Normative principle; weak trackability.,https://www.whitehouse.gov/fact-sheets/2025/11/fact-sheet-president-donald-j-trump-fosters-the-future-for-american-children-and-families/,Med
P02,Principle (normative),All policy,"Avoid policies that undermine marriage or reward delay (regulation, welfare, tax, education, housing, tech, environment)",Principle,,5278-5285,Normative-principle,NO MATCH FOUND,2025-07; 2025-11-13,NA,No federal action found framed as avoiding measures that undermine marriage or reward delay. Related: Trump Accounts and CTC provisions; assessments conflict (AEI critical).,https://cosm.aei.org/trump-family-policy-fails-to-deliver-at-the-one-year-mark/,Low
P03,Principle (normative),All policy,"Favor natural marriage over same-sex and polyamorous relationships, cohabitation, intentional single parenthood",Principle,,5286-5293,Normative-principle,NO MATCH FOUND,2025-11-10,NA,"No federal action found favoring natural marriage over other arrangements. Context: Supreme Court denied the Kim Davis petition to revisit Obergefell (2025-11-10; per search results, page not opened).",https://www.cnn.com/2025/11/10/politics/supreme-court-same-sex-marriage-obergefell-kim-davis,Med
P04,Principle (normative),State/federal,Preserve the sex distinction in law against 'gender identity' concepts,Principle,,5294-5297,Normative-principle,PARTIALLY VERIFIED,2025-01-20; 2025-11-06; 2026-06-30,Y,EO 14168 (2025-01-20) defines sex as male/female and excludes gender identity; SCOTUS allowed passport sex-at-birth policy (Nov 2025) and upheld WV/ID sports bans (2026-06-30). Main federal action predates SR323.,https://www.presidency.ucsb.edu/documents/executive-order-14168-defending-women-from-gender-ideology-extremism-and-restoring,High
P05,Principle (normative),Policymakers,Protect life from fertilization incl. reproductive technologies and research,Principle,,5301-5306,Normative-principle,PARTIALLY VERIFIED,2026-01-23,N,HHS/NIH ended funding for research using fetal tissue from elective abortions (2026-01-23); matches only the research element. No federal action protecting embryos or restricting IVF; federal IVF actions expand access.,https://www.hhs.gov/press-room/hhs-bars-research-using-human-fetal-tissue-from-elective-abortions.html,Med
P06,Principle (normative),Policymakers,"Preserve parental rights over care, education and upbringing",Principle,,5307-5310,Normative-principle,PARTIALLY VERIFIED,2025-01-29; 2026-06-24,Y,EO 14190 (2025-01-29) directs agencies to protect parents' rights to school information; H.R. 2616 (Stopping Indoctrination and Protecting Kids Act) passed the House 217-198 on 2026-06-24 (Senate action not found).,https://www.federalregister.gov/documents/2025/02/03/2025-02232/ending-radical-indoctrination-in-k-12-schooling,High
