"Date","Chapter","Directive","Repo_Event","Verification_Status","Repo_Source_File"
"—","Ch.6 — Department of State (Skinner)","Mass resignation/replacement of non-career leadership; freeze unratified treaties; confrontational China posture","No corresponding event found in the _AI_CONTEXT_INDEX corpus after targeted search","NO REPO MATCH",""
"—","Ch.7 — Intelligence Community (Carmack)","Restructure ODNI; align CIA/IC leadership with presidential priorities","No dedicated repo event; the attached Project 2025 overview document (not the friction-tracking repo itself) separately notes John Ratcliffe's appointment as CIA Director as a Project 2025-linked placement, but this is not independently corroborated inside _AI_CONTEXT_INDEX","NO REPO MATCH — baseline-document-only reference, not repo-sourced","16_Project_2025/Project_2025_Overview_of_the_Heritage_Foundation.md (baseline doc, not the friction-tracking corpus)"
"—","Ch.8 — Media Agencies: USAGM & CPB (Namdar/Gonzalez)","Defund/disestablish USAGM if reform fails; defund CPB and strip NPR/PBS status","No corresponding event found for USAGM, CPB, NPR, or PBS defunding in the _AI_CONTEXT_INDEX corpus; the repo's Media Firewall thread (Tucker Carlson, 1789 Capital) documents a related but distinct private-media consolidation pattern, not the chapter's public-broadcasting defunding proposal","NO REPO MATCH for the specific directive",""
"—","Ch.10 — Department of Agriculture (Bakst)","Deprioritize climate programs; reform SNAP/farm subsidies; repeal GMO labeling mandate","No corresponding event found in the _AI_CONTEXT_INDEX corpus after targeted search","NO REPO MATCH",""
"—","Ch.11 — Department of Education (Burke)","Eliminate the Department of Education; block-grant Title I/IDEA; privatize student loans; rewrite Title IX","No corresponding event found in the _AI_CONTEXT_INDEX corpus after targeted search (searched for 'Department of Education', 'Title I', 'Title IX', 'student loan', 'Public Service Loan Forgiveness')","NO REPO MATCH",""
"—","Ch.12 — Department of Energy (McNamee)","Eliminate/reform DOE loan and clean-energy offices; end 'climate interference' in LNG approvals; refocus FERC","No corresponding event found in the _AI_CONTEXT_INDEX corpus after targeted search","NO REPO MATCH",""
"—","Ch.13 — Environmental Protection Agency (Gunasekara)","Rescind the 2009 greenhouse-gas endangerment finding; shift authority to states; restrict scientific studies used in rulemaking","No corresponding event found in the _AI_CONTEXT_INDEX corpus after targeted search (searched for 'EPA', 'endangerment finding', 'greenhouse gas')","NO REPO MATCH",""
"—","Ch.14 — Department of Health and Human Services (Severino)","Reverse mifepristone approval; enforce Comstock Act on abortion pills; Medicaid work requirements/caps; reverse Section 1557 gender-identity protections","No corresponding event found in the _AI_CONTEXT_INDEX corpus after targeted search (searched for 'mifepristone', 'Comstock Act', 'Medicaid work requirement', 'HHS')","NO REPO MATCH",""
"—","Ch.15 — Department of Housing and Urban Development (Carson)","Devolve HUD functions to states; end Affirmatively Furthering Fair Housing rule and disparate-impact enforcement","No corresponding event found in the _AI_CONTEXT_INDEX corpus after targeted search","NO REPO MATCH",""
"—","Ch.16 — Department of the Interior (Pendley)","Reinstate ANWR/NPR-A leasing; revoke 30x30 plan; scale back Endangered Species Act protections; curtail Antiquities Act","No corresponding event found in the _AI_CONTEXT_INDEX corpus after targeted search","NO REPO MATCH",""
"—","Ch.18 — Department of Labor (Berry)","Comp-time in lieu of overtime; regional overtime thresholds; roll back union protections and DEI programs","No corresponding event found in the _AI_CONTEXT_INDEX corpus after targeted search","NO REPO MATCH",""
"—","Ch.19 — Department of Transportation (Furchtgott-Roth)","Roll back EV-forcing fuel-economy standards; restructure/privatize FAA air-traffic functions","No corresponding event found in the _AI_CONTEXT_INDEX corpus after targeted search","NO REPO MATCH",""
"—","Ch.20 — Department of Veterans Affairs (Tucker)","Increase VA privatization/community care; revise disability rating schedule; rescind VA abortion/gender-surgery policies","No corresponding event found in the _AI_CONTEXT_INDEX corpus after targeted search","NO REPO MATCH",""
"—","Ch.21 — Department of Commerce (Gilman)","Dismantle/break up NOAA and commercialize National Weather Service forecasting; abolish EDA","No corresponding event found in the _AI_CONTEXT_INDEX corpus after targeted search (searched for 'NOAA', 'National Weather Service'); note the repo's unrelated 'Planet Labs Imagery Blackout' thread concerns a private commercial-satellite company, not NOAA/NWS","NO REPO MATCH for the specific directive",""
"—","Ch.22 — Department of the Treasury (Walton/Moore/Burton)","Replace tax brackets with two rates (15%/30%); cut corporate rate to 18%; close the IRS Office of Equity, Diversity and Inclusion","No corresponding event found for the chapter's specific tax-bracket/IRS-DEI proposals; the repo's Treasury-adjacent coverage (WLF/USD1 stablecoin architecture, CLARITY Act) concerns crypto market-structure policy, a materially different Treasury-related topic not addressed by this chapter","NO REPO MATCH for the specific directive — repo's Treasury-adjacent content is topically unrelated",""
"—","Ch.23 — Export-Import Bank (de Rugy/Hazelton)","Abolish the Export-Import Bank (opposing view: retain it)","No corresponding event found in the _AI_CONTEXT_INDEX corpus after targeted search","NO REPO MATCH",""
"—","Ch.24 — Federal Reserve (Winfree)","End the Fed's dual mandate; limit asset purchases/lender-of-last-resort role; consider abolishing the Fed for a gold standard","No corresponding event found in the _AI_CONTEXT_INDEX corpus after targeted search","NO REPO MATCH",""
"—","Ch.25 — Small Business Administration (Kerrigan)","Review COVID-era loans for fraud; end DEI-based SBA targeting; shift disaster lending to private insurance","No corresponding event found in the _AI_CONTEXT_INDEX corpus after targeted search","NO REPO MATCH",""
"—","Ch.27 — Financial Regulatory Agencies: SEC & CFPB (Burton/Bowes)","Abolish the CFPB; repeal Dodd-Frank Section 1071; scale back SEC climate-disclosure rules","No corresponding event found in the _AI_CONTEXT_INDEX corpus after targeted search (searched for 'CFPB', 'Consumer Financial Protection')","NO REPO MATCH",""
"—","Ch.29 — Federal Election Commission (von Spakovsky)","Limit FEC enforcement; raise campaign contribution limits; reduce oversight of election-related activity","No corresponding event found in the _AI_CONTEXT_INDEX corpus after targeted search","NO REPO MATCH",""
"—","Ch.30 — Federal Trade Commission (Candeub)","Reduce antitrust enforcement generally; broaden antitrust use against Big Tech on free-speech/ESG/DEI grounds","No corresponding event found in the _AI_CONTEXT_INDEX corpus after targeted search","NO REPO MATCH",""
