"Event_ID","CSV_Row","Chapter_Num","Chapter_Name","Directive_Short","Event_Date","Event_Date_End","Date_Precision","Event_Type","Event","Row_Outcome","Date_Note","Date_Check"
"E001","1","1","White House","White House office loyalty structure","2025-01-20","","day","Personnel","White House personnel office structured around loyalty (corroborated indirectly through Ch.17 firings)","Partially verified","Row start date; event itself not separately dated",""
"E002","2","2","OMB / EOP","OMB levers; Vought installed","2025-01-20","","day","Personnel","Russell Vought installed as OMB Director","Partially verified","Row start date",""
"E003","3","3","Personnel (OPM)","Schedule F guidance issued","2025-01-20","","day","Agency action","OPM issues Schedule F position-identification guidance; 90-day agency deadline","Verified","","Confirmed by Genspark (not re-checked by me)"
"E004","4","3","Personnel (OPM)","""Fork in the Road"" resignation offer","2025-01-28","","day","Agency action","OPM sends ""Fork in the Road"" deferred-resignation email to 2M+ employees","Verified","","Confirmed by Genspark (not re-checked by me)"
"E005","5","3","Personnel (OPM)","Mass probationary-employee terminations","2025-02-13","2025-02-14","day","Agency action","Mass probationary-employee terminations begin after OPM tells agencies to fire probationary staff; more agencies follow Feb 14 (the ""Valentine's Day massacre"")","Verified","CORRECTED Round 5b: agencies began firing Feb 13 (a call with OPM that day); more dismissals, e.g. at Interior, followed Feb 14, the day nicknamed the ""Valentine's Day massacre""","Confirmed Round 5b (CNN Feb 14, 2025 as summarized in search results; page itself not opened)"
"E006","6","3","Personnel (OPM)","Agency RIF and reorganization plans ordered","2025-02-26","","day","Agency action","OPM/OMB order agency RIF and reorganization plans","Verified","","Confirmed by Genspark (not re-checked by me)"
"E007","6","3","Personnel (OPM)","Agency RIF and reorganization plans ordered","2025-03-13","","day","Deadline or scheduled date","Agency RIF/reorganization plans due","Verified","","Confirmed by Genspark (not re-checked by me)"
"E008","7","3","Personnel (OPM)","DOGE disbands; OPM absorbs its mandate","2025-11-24","","day","Agency action","DOGE disbands; OPM absorbs workforce-reduction mandate","Verified","","Confirmed by Genspark (not re-checked by me)"
"E009","8","3","Personnel (OPM)","Schedule Policy/Career final rule","2026-02-05","","day","Rule or regulation","Schedule Policy/Career final rule published (~50,000 positions)","Verified","","Confirmed by Genspark (not re-checked by me)"
"E010","9","3","Personnel (OPM)","Schedule F rule takes effect (scheduled)","2026-03-08","2026-03-09","day","Deadline or scheduled date","Schedule F rule scheduled to take legal effect","Partially verified","Scheduled in source; not confirmed as completed",""
"E011","10","4","Defense","Army chief of staff and chief of chaplains fired","2026-04-02","","day","Personnel","Hegseth fires Army Chief of Staff Gen. Randy George, Gen. David Hodne, and Chief of Chaplains Maj. Gen. William Green","Verified","","Corrected: my shortened event text had dropped Gen. George; the CSV row named all three correctly"
"E012","11","4","Defense","DOD culture shift; Cabinet Bible Study","2025-02-26","","day","Announcement or statement","Hegseth documented in Cabinet Bible Study (row start date)","Partially verified","Row start date; event itself not separately dated",""
"E013","12","5","Homeland Security","DHS shutdown pressure thread","2026-02-14","","day","Agency action","DHS shutdown pressure thread begins (continues into June 2026)","Partially verified","Ongoing thread; only start date used",""
"E014","13","5","Homeland Security","Noem removed as DHS Secretary","2026-03-05","","day","Personnel","Noem removed as DHS Secretary; Mullin nominated","Verified","","Confirmed (my check: CNBC Mar 5, 2026)"
"E015","14","5","Homeland Security","SAVE America Act advances","2026-02-11","","day","Legislation","SAVE America Act (H.R. 7296) passes House","Verified","","Confirmed by Genspark (not re-checked by me)"
"E016","14","5","Homeland Security","SAVE America Act advances","2026-03-17","","day","Legislation","SAVE America Act Senate debate opens","Verified","","Confirmed (my check: CNN, CNBC, Roll Call Mar 17, 2026)"
"E017","15","6","State","Political appointees resign at transition","2025-01-20","","day","Personnel","Biden-era State political appointees resign","Verified","","Confirmed by Genspark (not re-checked by me)"
"E018","16","6","State","State Department reorganization","2025-04-22","","day","Announcement or statement","Rubio announces State Department reorganization","Verified","","Confirmed by Genspark (not re-checked by me)"
"E019","17","6","State","About 30 career ambassadors removed","2025-12-22","2025-12-23","day","Personnel","About 30 career ambassadors ordered removed by phone","Partially verified","",""
"E020","17","6","State","About 30 career ambassadors removed","2026-01-15","2026-01-16","day","Deadline or scheduled date","Ambassadors required to vacate posts","Partially verified","",""
"E021","18","6","State","EO 14199 treaty and organization review","2025-02-04","","day","Executive action","EO 14199 signed: review of international organizations and treaties","Partially verified","",""
"E022","18","6","State","EO 14199 treaty and organization review","2026-01","","month","Executive action","White House action withdrawing U.S. from several international bodies","Partially verified","Month only",""
"E023","19","6","State","Chinese student visa revocations","2025-05-28","","day","Announcement or statement","Rubio announces aggressive revocation of Chinese student visas","Verified","","Confirmed by Genspark (not re-checked by me)"
"E024","20","7","Intelligence","ODNI 2.0 cuts","2025-08-20","","day","Agency action","ODNI 2.0 announced: headcount cut over 40%","Verified","","Confirmed by Genspark (not re-checked by me)"
"E025","21","7","Intelligence","CIA/ODNI DEI staff fired; TRO denied","2025-02","","month","Personnel","CIA/ODNI fire 51 employees from DEIA roles","Verified","Month only","Confirmed by Genspark (not re-checked by me)"
"E026","21","7","Intelligence","CIA/ODNI DEI staff fired; TRO denied","2025-02-27","","day","Court ruling","Judge Trenga denies TRO; firings proceed","Verified","","Confirmed by Genspark (not re-checked by me)"
"E027","22","7","Intelligence","CIA restructuring toward White House priorities","2025","","year","Agency action","CIA restructuring under Ratcliffe toward White House priorities","Verified","Year only (row says 2025, ongoing)","Year only; no specific date to check"
"E028","23","7","Intelligence","Revise EO 12333","","","none","No event found / non-action","No revision to EO 12333 found","No match found","No event",""
"E029","24","8","Media (USAGM, CPB)","USAGM cut to statutory minimum; VOA halted","2025-03-15","","day","Executive action","EO cuts USAGM to statutory minimums; Lake halts VOA programming","Attempted, blocked or reversed","",""
"E030","25","8","Media (USAGM, CPB)","Courts order VOA restored","2025-03-28","","day","Court ruling","S.D.N.Y. TRO blocks USAGM dismantlement","Attempted, blocked or reversed","",""
"E031","25","8","Media (USAGM, CPB)","Courts order VOA restored","2025-04-22","","day","Court ruling","Lamberth orders VOA staff and broadcasting restored","Attempted, blocked or reversed","",""
"E032","26","8","Media (USAGM, CPB)","D.C. Circuit stays the injunction","2025-05-01","","day","Court ruling","D.C. Circuit grants administrative stay of Lamberth injunction","Attempted, blocked or reversed","",""
"E033","27","8","Media (USAGM, CPB)","Lamberth rules Lake served unlawfully","2026-03-07","2026-03-18","day","Court ruling","Lamberth rules Lake served unlawfully; orders reinstatements and grant restoration","Attempted, blocked or reversed","Range given in source; exact days not stated",""
"E034","28","8","Media (USAGM, CPB)","D.C. Circuit stays reinstatement; legal limbo","2026-03-31","","day","Court ruling","D.C. Circuit panel stays Lamberth March 2026 reinstatement order","Partially verified","",""
"E035","29","8","Media (USAGM, CPB)","Move VOA oversight to the NSC","","","none","No event found / non-action","No formal transfer of VOA oversight to NSC found","No match found","No event",""
"E036","30","8","Media (USAGM, CPB)","EO against NPR/PBS ruled unconstitutional","2025-05-01","","day","Executive action","EO directs CPB to cut NPR/PBS funding","Attempted, blocked or reversed","",""
"E037","30","8","Media (USAGM, CPB)","EO against NPR/PBS ruled unconstitutional","2025-05-27","","day","Lawsuit or petition filed","NPR sues over the EO","Attempted, blocked or reversed","",""
"E038","30","8","Media (USAGM, CPB)","EO against NPR/PBS ruled unconstitutional","2025-05","","month","Court ruling","Federal judge rules EO unconstitutional viewpoint discrimination","Attempted, blocked or reversed","Month only; row range ends May 30, 2025",""
"E039","31","8","Media (USAGM, CPB)","CPB defunded through rescission","2025-07-24","","day","Legislation","Rescissions Act of 2025 signed: $9B package, clawing back $1.1B CPB funding","Verified","Month only; CORRECTED from 2025-07 (about mid-July): signed Jul 24, 2025","Corrected (my check: Wikipedia, Rescissions Act of 2025)"
"E040","31","8","Media (USAGM, CPB)","CPB defunded through rescission","2025-08-01","","day","Announcement or statement","CPB announces it will shut down operations","Verified","","Confirmed (my check: CNN, NPR, Aug 1, 2025)"
"E041","31","8","Media (USAGM, CPB)","CPB defunded through rescission","2025-09-30","","day","Deadline or scheduled date","CPB staff layoffs completed","Verified","Most CPB staff left Sep 30, 2025; a small transition team stayed through Jan 2026","Confirmed with nuance (my check: Current.org)"
"E042","32","8","Media (USAGM, CPB)","FCC probe of NPR/PBS underwriting","2025-01","","month","Agency action","FCC (Carr) opens investigation into NPR/PBS underwriting","Partially verified","Month only",""
"E043","33","9","USAID","USAID absorbed into State","2025-07-01","","day","Agency action","USAID ceases independent operations; absorbed into State","Verified","","Confirmed by Genspark (not re-checked by me)"
"E044","34","9","USAID","USAID dissolution complete","2025-09-02","","day","Agency action","USAID RIF separations take effect for remaining personnel (notices set a date of either Jul 1 or Sep 2, 2025)","Verified","RIF notices set separation dates of either Jul 1 or Sep 2, 2025 (NPR, Mar 28, 2025). Sep 2 is a second separation date, not a separate dissolution event; the formal end of USAID independent operations is Jul 1, 2025 (see E043). Row rewritten in Round 5.","Confirmed after rewrite (Round 5b: NPR, Mar 28, 2025, page opened). The ""94% gone by Jul 1"" claim was removed from the mapping row because it traces only to a Wikipedia summary"
"E045","35","10","Agriculture","Climate-Smart Commodities canceled","2025-04-14","","day","Agency action","USDA cancels Partnerships for Climate-Smart Commodities","Verified","Approximate (~Apr 14)","Confirmed by Genspark (not re-checked by me)"
"E046","36","10","Agriculture","SNAP work requirements; waiver terminations reversed","2025-07-04","","day","Legislation","OBBBA signed: SNAP work-requirement expansion","Attempted, blocked or reversed","",""
"E047","36","10","Agriculture","SNAP work requirements; waiver terminations reversed","2025-11","","month","Agency action","USDA terminates 18 state SNAP waivers","Attempted, blocked or reversed","Month only",""
"E048","36","10","Agriculture","SNAP work requirements; waiver terminations reversed","2026-02-26","","day","Agency action","USDA reverses waiver terminations amid litigation","Attempted, blocked or reversed","",""
"E049","37","10","Agriculture","Eliminate free-meal Community Eligibility","","","none","No event found / non-action","No action to eliminate Community Eligibility Provision","No match found","No event",""
"E050","38","10","Agriculture","Court strengthens GMO labeling rule","2025-10-31","","day","Court ruling","Ninth Circuit orders USDA to strengthen GMO labeling rule","Affirmatively contradicted","",""
"E051","39","10","Agriculture","Sugar program support increased","2025-07-04","","day","Legislation","OBBBA signed: largest sugar-program support increase in 40 years","Affirmatively contradicted","",""
"E052","40","11","Education","Dismantle the Education Department","2025-03","","month","Executive action","EO directs dismantling of Education Department; RIF begins","Attempted, blocked or reversed","Month only",""
"E053","40","11","Education","Dismantle the Education Department","2025-05-22","","day","Court ruling","D. Mass. injunction orders reinstatement","Attempted, blocked or reversed","",""
"E054","40","11","Education","Dismantle the Education Department","2025-06-04","","day","Court ruling","First Circuit upholds injunction","Attempted, blocked or reversed","",""
"E055","40","11","Education","Dismantle the Education Department","2025-07-14","","day","Court ruling","Supreme Court grants stay in McMahon v. New York","Attempted, blocked or reversed","",""
"E056","41","11","Education","Title I block grant rejected","2025-05-02","","day","Budget proposal","FY2026 budget proposes Title I block grant","Attempted, blocked or reversed","",""
"E057","42","11","Education","IDEA block grant rejected","2025","","year","Budget proposal","FY2026 budget proposes IDEA consolidation; Senate Appropriations rejects","Attempted, blocked or reversed","Year only (2025-2026)",""
"E058","43","11","Education","Student loans to SBA blocked","2025-03-21","","day","Announcement or statement","Trump announces student-loan portfolio transfer to SBA","Attempted, blocked or reversed","",""
"E059","43","11","Education","Student loans to SBA blocked","2025-05","","month","Court ruling","Federal judge blocks the transfer","Attempted, blocked or reversed","Month only",""
"E060","44","11","Education","PSLF restriction rule vacated","2025-03-07","","day","Executive action","EO directs ED to narrow PSLF eligibility","Attempted, blocked or reversed","",""
"E061","44","11","Education","PSLF restriction rule vacated","2025-10-31","","day","Rule or regulation","PSLF final rule issued","Attempted, blocked or reversed","",""
"E062","44","11","Education","PSLF restriction rule vacated","2025-11-03","2025-11-04","day","Lawsuit or petition filed","22 state AGs and nonprofit coalitions sue","Attempted, blocked or reversed","",""
"E063","44","11","Education","PSLF restriction rule vacated","2025-11-13","2025-11-14","day","Court ruling","Two federal courts vacate PSLF rule","Attempted, blocked or reversed","",""
"E064","45","11","Education","Title IX reverts to 2020 rule","2025-01-09","","day","Court ruling","Kentucky judge vacates Biden 2024 Title IX rule nationwide","Verified","","Confirmed by Genspark (not re-checked by me)"
"E065","45","11","Education","Title IX reverts to 2020 rule","2025-01-20","","day","Executive action","EO recognizes two sexes; ED reverts to 2020 Title IX rule","Verified","","Confirmed by Genspark (not re-checked by me)"
"E066","46","11","Education","Federal school-choice tax credit","2025-07-04","","day","Legislation","OBBBA signed: federal K-12 scholarship tax credit","Verified","","Confirmed by Genspark (not re-checked by me)"
"E067","46","11","Education","Federal school-choice tax credit","2027-01-01","","day","Deadline or scheduled date","Scholarship tax credit takes effect","Verified","Scheduled","Confirmed (my check: EdChoice, IRS; credit starts 2027)"
"E068","47","12","Energy","LNG export pause ended","2025-01-20","","day","Executive action","EO 14154 and EO 14156 signed; LNG export pause ended","Verified","","Confirmed by Genspark (not re-checked by me)"
"E069","48","12","Energy","DOE offices consolidated","2025-11-20","","day","Agency action","DOE publishes reorganization chart removing clean-energy offices","Verified","","Confirmed by Genspark (not re-checked by me)"
"E070","49","12","Energy","Clean-energy grants canceled","2025-05","","month","Agency action","DOE cancels about $3.7B in clean-energy demonstration funding","Verified","Month only","Confirmed by Genspark (not re-checked by me)"
"E071","49","12","Energy","Clean-energy grants canceled","2025-10-01","","day","Agency action","DOE terminates 321 awards across 223 projects (about $7.56B)","Verified","Month only; CORRECTED: DOE release Oct 1, 2025 says 321 awards / 223 projects; the earlier 284 figure did not match DOE","Corrected (my check: energy.gov release Oct 1, 2025)"
"E072","50","12","Energy","Grant cancellations ordered reinstated","2026-01","","month","Court ruling","$27.6M restored via City of Saint Paul v. Wright stipulation","Attempted, blocked or reversed","Month only",""
"E073","50","12","Energy","Grant cancellations ordered reinstated","2026-06-11","","day","Court ruling","Judge Mehta orders $82.1M reinstated across 11 grants","Attempted, blocked or reversed","",""
"E074","51","12","Energy","FERC refocused on reliability and economics","2025","","year","Agency action","FERC under Chairman Swett refocuses on reliability and economics","Verified","Year only (2025-2026 ongoing)","Confirmed by Genspark (not re-checked by me)"
"E075","52","12","Energy","Argent LNG export authorization","2026-07-24","","day","Agency action","DOE grants Argent LNG 20-year export authorization","Verified","","Confirmed by Genspark (not re-checked by me)"
"E076","53","13","EPA","Endangerment finding repeal proposed","2025-07-29","","day","Rule or regulation","EPA proposes rescinding 2009 endangerment finding","Verified","","Confirmed by Genspark (not re-checked by me)"
"E077","54","13","EPA","Endangerment finding repeal finalized","2026-02-12","","day","Rule or regulation","EPA publishes final rule repealing endangerment finding","Verified","","Confirmed by Genspark (not re-checked by me)"
"E078","55","13","EPA","24 states sue over the repeal","2026-03-19","","day","Lawsuit or petition filed","24 states, D.C. and cities sue EPA over repeal","Verified","","Confirmed by Genspark (not re-checked by me)"
"E079","56","13","EPA","DOE climate report; review panel dissolved","2025-07-29","","day","Agency action","DOE contrarian climate report released; cited 16 times in EPA proposal","Partially verified","Date inferred: row says same day as the EPA proposal (Jul 29, 2025)",""
"E080","56","13","EPA","DOE climate report; review panel dissolved","2026-09","","month","Court ruling","FACA lawsuit forces DOE to dissolve the review panel (early September)","Partially verified","Month only",""
"E081","57","13","EPA","Coal ash permitting returned to states","2026-07","","month","Agency action","Alabama wins preliminary approval for coal-ash permitting","Verified","Month only","Confirmed by Genspark (not re-checked by me)"
"E082","57","13","EPA","Coal ash permitting returned to states","2026-09","","month","Agency action","Indiana receives proposed approval for coal-ash permitting","Verified","Month only","Confirmed by Genspark (not re-checked by me)"
"E083","58","14","HHS","Mifepristone approval review","2026-05-01","","day","Court ruling","Fifth Circuit reinstates in-person dispensing requirement","Attempted, blocked or reversed","",""
"E084","58","14","HHS","Mifepristone approval review","2026-05-12","","day","Personnel","FDA Commissioner Makary resigns","Attempted, blocked or reversed","",""
"E085","58","14","HHS","Mifepristone approval review","2026-05-14","","day","Court ruling","Supreme Court blocks Fifth Circuit ruling","Attempted, blocked or reversed","",""
"E086","59","14","HHS","Comstock Act enforcement pledged","2025-02","","month","Announcement or statement","Anti-abortion groups urge AG to reverse OLC opinion on mailing pills","Partially verified","Month only; start of a range",""
"E087","59","14","HHS","Comstock Act enforcement pledged","2026-08","","month","Announcement or statement","Blanche private call pledging to make Dobbs ""permanent in every state""","Partially verified","Month only",""
"E088","60","14","HHS","Medicaid work requirements","2025-07-04","","day","Legislation","H.R. 1 (OBBBA) signed: Medicaid work requirements","Verified","Date from other rows; this row says Jul 2025","Confirmed by Genspark (not re-checked by me)"
"E089","60","14","HHS","Medicaid work requirements","2026-07-29","","day","Court ruling","Judge denies states' request to enjoin implementation","Verified","Reported Jul 30; CORRECTED from Jul 30: Judge Stearns (D. Mass.) ruled Jul 29; reported Jul 30-31","Corrected (my check: Stateline, STAT)"
"E090","60","14","HHS","Medicaid work requirements","2026-07-31","","day","Rule or regulation","CMS work-requirement rule takes legal effect","Verified","","Confirmed (my check: Federal Register; IFR published Jun 3, effective Jul 31, 2026)"
"E091","60","14","HHS","Medicaid work requirements","2026-09-11","","day","Agency action","CMS releases three-tier medical-frailty exemption model","Verified","","Confirmed (my check: STAT Sep 11, 2026)"
"E092","60","14","HHS","Medicaid work requirements","2026-09-18","","day","Lawsuit or petition filed","Enrollees, providers and Columbus sue over exemption model","Verified","CORRECTED from Sep 22: Taylor v. Kennedy (D. Md.) complaint filed Sep 18, 2026","Corrected (my check: NHeLP, Healthcare Dive)"
"E093","60","14","HHS","Medicaid work requirements","2027-01-01","","day","Deadline or scheduled date","Work-requirement compliance deadline","Verified","Scheduled","Confirmed (my check: statutory Jan 1, 2027 deadline)"
"E094","61","14","HHS","Section 1557 gender-identity reversal","2025-01-20","","day","Executive action","EO directs HHS to reinterpret Section 1557","Partially verified","",""
"E095","61","14","HHS","Section 1557 gender-identity reversal","2025-02-04","","day","Lawsuit or petition filed","PFLAG v. Trump filed","Partially verified","",""
"E096","61","14","HHS","Section 1557 gender-identity reversal","2025-02-11","","day","Court ruling","Court orders restoration of federal health webpages and datasets","Partially verified","",""
"E097","61","14","HHS","Section 1557 gender-identity reversal","2026-05","","month","Agency action","HHS Office for Civil Rights reorganized to re-elevate conscience division","Partially verified","Month only",""
"E098","61","14","HHS","Section 1557 gender-identity reversal","2026-08-19","","day","Court ruling","Massachusetts judge vacates ACA marketplace rule","Partially verified","Reported Aug 19",""
"E099","61","14","HHS","Section 1557 gender-identity reversal","2026-09-02","2026-09-04","day","Lawsuit or petition filed","21 states sue over Medicaid/CHIP funding rule","Partially verified","",""
"E100","62","15","HUD","AFFH rule terminated","2025-02","","month","Announcement or statement","HUD announces AFFH rule termination","Verified","Month only","Confirmed by Genspark (not re-checked by me)"
"E101","62","15","HUD","AFFH rule terminated","2025-03","","month","Rule or regulation","AFFH interim final rule issued","Verified","Month only (~Mar 2025)","Confirmed by Genspark (not re-checked by me)"
"E102","63","15","HUD","Disparate-impact rule proposed","2025-12-09","","day","Rule or regulation","DOJ final rule rescinds Title VI disparate-impact provisions","Partially verified","Context event named in this row",""
"E103","63","15","HUD","Disparate-impact rule proposed","2026-01-14","","day","Rule or regulation","HUD proposes eliminating disparate-impact regulations","Partially verified","",""
"E104","63","15","HUD","Disparate-impact rule proposed","2026-02-13","","day","Deadline or scheduled date","Comment period closes","Partially verified","",""
"E105","64","15","HUD","FY2026 HUD block-grant proposal","2025","","year","Budget proposal","FY2026 HUD budget proposes block grant and 13% cut","Partially verified","Year only",""
"E106","65","15","HUD","Appraisal-equity reforms rescinded","2025-03-19","","day","Agency action","FHA rescinds three appraisal mortgagee letters (ML 2025-08)","Partially verified","",""
"E107","65","15","HUD","Appraisal-equity reforms rescinded","2025-07-10","","day","Agency action","PAVE Task Force disbanded","Partially verified","",""
"E108","66","16","Interior","ANWR and NPR-A leasing reinstated","2025-01","","month","Agency action","Mandated ANWR lease sale draws zero bids","Verified","Month only","Confirmed by Genspark (not re-checked by me)"
"E109","66","16","Interior","ANWR and NPR-A leasing reinstated","2025-03-20","","day","Announcement or statement","Burgum announces full ANWR coastal plain leasing","Verified","","Confirmed by Genspark (not re-checked by me)"
"E110","67","16","Interior","30x30 plan ended","2025-02","","month","Agency action","Federal 30x30 initiative terminated","Verified","Month only","Confirmed by Genspark (not re-checked by me)"
"E111","68","16","Interior","Bears Ears and Grand Staircase shrunk","2026-07","","month","Executive action","Proclamation shrinks Bears Ears and Grand Staircase-Escalante","Partially verified","Month only",""
"E112","68","16","Interior","Bears Ears and Grand Staircase shrunk","2026-09-10","","day","Lawsuit or petition filed","New lawsuit filed/restarted over monument reductions","Partially verified","Approximate (~Sep 10)",""
"E113","69","16","Interior","ESA rollback rules proposed","2025-11-21","","day","Rule or regulation","FWS/NMFS propose four ESA rollback rules","Partially verified","",""
"E114","69","16","Interior","ESA rollback rules proposed","2025-12-22","","day","Deadline or scheduled date","Comment period closes","Partially verified","",""
"E115","70","17","Justice","Prosecutors resign over Adams case","2025-02","","month","Personnel","7+ prosecutors resign over Eric Adams case","Verified","Month only","Confirmed by Genspark (not re-checked by me)"
"E116","71","17","Justice","U.S. Attorneys fired by email","2025-02-12","2025-02-18","day","Personnel","White House fires Biden-era U.S. Attorneys by email starting Feb 12; a second batch of as many as 22 notices is misaddressed and only clarified Feb 17; Trump orders the remainder fired Feb 18","Verified","CORRECTED Round 5b: the earlier ""about 12"" figure is not supported by sources checked. Bloomberg Law reports as many as 22 further notices were misaddressed; the total number fired is not established. The ""46 held-over"" figure from the Genspark flag was not confirmed.","Researched Round 5b (Reuters via US News, NBC, Bloomberg Law, Newsweek); exact total unresolved"
"E117","72","17","Justice","Weaponization Working Group created","2025-02-05","","day","Agency action","Bondi creates Weaponization Working Group","Verified","","Confirmed by Genspark (not re-checked by me)"
"E118","73","17","Justice","230+ DOJ lawyers fired or resigned","2025-02","2025-07","month","Personnel","230+ DOJ lawyers fired or resigned; 6,400+ employees depart","Verified","Range given in months","Confirmed by Genspark (not re-checked by me)"
"E119","74","17","Justice","Ed Martin removed from working group","2026-01","2026-02","month","Personnel","Ed Martin removed as Weaponization Working Group head","Verified","Range given in months","Confirmed by Genspark (not re-checked by me)"
"E120","75","17","Justice","Bondi fired; Blanche acting AG","2026-04-02","","day","Personnel","Bondi fired; Blanche named acting AG","Verified","","Confirmed by Genspark (not re-checked by me)"
"E121","75","17","Justice","Bondi fired; Blanche acting AG","2026-04-14","","day","Deadline or scheduled date","Bondi congressional deposition subpoena date","Verified","Year inferred from the row","Confirmed by Genspark (not re-checked by me)"
"E122","76","18","Labor","EO 11246 revoked; OFCCP halted","2025-01-21","","day","Executive action","EO 14173 signed; EO 11246 revoked","Verified","","Confirmed by Genspark (not re-checked by me)"
"E123","76","18","Labor","EO 11246 revoked; OFCCP halted","2025-01-24","","day","Agency action","DOL directs OFCCP to cease EO 11246 enforcement","Verified","","Confirmed by Genspark (not re-checked by me)"
"E124","77","18","Labor","EEOC refocused on religion and anti-DEI","2025","","year","Agency action","EEOC prioritizes religious-accommodation and anti-DEI enforcement","Verified","Year only","Confirmed by Genspark (not re-checked by me)"
"E125","77","18","Labor","EEOC refocused on religion and anti-DEI","2025-03","","month","Agency action","EEOC sends letters to 20 law firms on DEI practices","Verified","Month only; CORRECTED from 2025-08: EEOC letters to 20 law firms were sent about Mar 17-19, 2025","Corrected (Genspark; checked against search results)"
"E126","78","18","Labor","Overtime threshold rule vacated; appeal in abeyance","2024-11-15","","day","Court ruling","Texas judge invalidates Biden 2024 overtime rule","Partially verified","Before 2025",""
"E127","78","18","Labor","Overtime threshold rule vacated; appeal in abeyance","2025-04-29","","day","Court ruling","Appeal held in abeyance for 120 days","Partially verified","",""
"E128","79","18","Labor","Comp-time and Sabbath mandates","","","none","No event found / non-action","No comp-time or Sabbath law enacted","No match found","No event",""
"E129","80","19","Transportation","CAFE standards reset (proposed)","2025-01-28","","day","Agency action","Duffy memo ""Fixing the CAFE Program""","Partially verified","",""
"E130","80","19","Transportation","CAFE standards reset (proposed)","2025-12-03","","day","Rule or regulation","NHTSA proposes CAFE standards excluding EVs","Partially verified","",""
"E131","80","19","Transportation","CAFE standards reset (proposed)","2026-01-20","","day","Deadline or scheduled date","Comment period closes","Partially verified","",""
"E132","81","19","Transportation","California EV waivers revoked through CRA","2025-05","","month","Legislation","Senate votes 51-46 to proceed with CRA resolutions","Attempted, blocked or reversed","Month only",""
"E133","81","19","Transportation","California EV waivers revoked through CRA","2025-06-12","","day","Executive action","Trump signs three CRA resolutions revoking California waivers","Attempted, blocked or reversed","",""
"E134","82","19","Transportation","ATC privatization rejected","2025-08-13","2025-08-16","day","Announcement or statement","Duffy publicly rejects ATC privatization","Affirmatively contradicted","",""
"E135","82","19","Transportation","ATC privatization rejected","2026-01","","month","Legislation","House moves to block ATC privatization","Affirmatively contradicted","Month only",""
"E136","83","19","Transportation","Jones Act waiver extended","2026-03-18","","day","Executive action","Jones Act waiver begins","Verified","CORRECTED from 2025-03-18: waiver began Mar 17-18, 2026 during the Iran war; CSV row already ran to Aug 2026 on a 60+90+90 day schedule","Corrected (Genspark; consistent with CSV row's own 240+ day timeline and 2026 coverage)"
"E137","83","19","Transportation","Jones Act waiver extended","2026-08-10","","day","Executive action","Waiver extension narrowed to voyage-by-voyage approval","Verified","","Confirmed by Genspark (not re-checked by me)"
"E138","84","20","Veterans Affairs","Gender-surgery directive rescinded","2025-03-17","","day","Agency action","VA rescinds VHA Directive 1341(4)","Verified","","Confirmed by Genspark (not re-checked by me)"
"E139","85","20","Veterans Affairs","VA abortion exclusion reinstated","2025-12-31","","day","Rule or regulation","VA abortion-exclusion final rule published","Verified","Federal Register date per Repo_Source","Confirmed by Genspark (not re-checked by me)"
"E140","85","20","Veterans Affairs","VA abortion exclusion reinstated","2026-01-30","","day","Rule or regulation","VA abortion-exclusion rule takes effect","Verified","","Confirmed by Genspark (not re-checked by me)"
"E141","86","20","Veterans Affairs","Disability rating rule halted","2026-02-17","","day","Rule or regulation","VA emergency disability-rating rule published","Attempted, blocked or reversed","",""
"E142","86","20","Veterans Affairs","Disability rating rule halted","2026-02-19","","day","Agency action","Secretary Collins halts enforcement","Attempted, blocked or reversed","",""
"E143","87","20","Veterans Affairs","VA headcount cut through attrition","2025","","year","Agency action","VA sheds about 30,000 staff through attrition; RIF scaled back","Partially verified","Year only (through Sep 2025)",""
"E144","87","20","Veterans Affairs","VA headcount cut through attrition","2025-02","","month","Agency action","VA hiring freeze","Partially verified","Month only",""
"E145","87","20","Veterans Affairs","VA headcount cut through attrition","2025-12","","month","Agency action","Additional VA staffing purges reported","Partially verified","Month only",""
"E146","88","20","Veterans Affairs","Community care expansion","2025","","year","Agency action","VA Community Care payments exceed $36B in FY2025","Partially verified","Year only",""
"E147","88","20","Veterans Affairs","Community care expansion","2025-12","","month","Legislation","Bost introduces Complete the Mission Act","Partially verified","Month only",""
"E148","89","21","Commerce","NOAA and NWS cuts; privatization disavowed","2025","","year","Agency action","NOAA RIFs (1,000+) and NWS cuts (~600)","Partially verified","Year only",""
"E149","90","21","Commerce","EDA abolition not enacted","2025-01","","month","Legislation","Congress reauthorizes EDA","Attempted, blocked or reversed","Month only",""
"E150","90","21","Commerce","EDA abolition not enacted","2025","","year","Budget proposal","FY2026 and FY2027 budgets propose eliminating EDA","Attempted, blocked or reversed","Year only",""
"E151","91","21","Commerce","Office of Space Commerce elevated","2025-08-13","","day","Executive action","EO elevates Office of Space Commerce","Partially verified","",""
"E152","91","21","Commerce","Office of Space Commerce elevated","2025-12","","month","Personnel","Taylor Jordan named OSC Director","Partially verified","Month only",""
"E153","92","21","Commerce","Census citizenship question directive","2025-01-20","","day","Executive action","Biden census EO rescinded; order on 2030 citizenship question","Partially verified","",""
"E154","93","22","Treasury","Seven tax brackets made permanent","2025-07-04","","day","Legislation","OBBBA signed: seven tax brackets made permanent","Affirmatively contradicted","",""
"E155","94","22","Treasury","Corporate rate kept at 21%","2025-07-04","","day","Legislation","OBBBA signed: 21% corporate rate locked in","Affirmatively contradicted","",""
"E156","95","22","Treasury","IRA IRS funding rescinded","2025-03","","month","Legislation","Congress has rescinded $41.8B of IRA IRS funding (as of March 2025)","Verified","Month only; ""through Mar 2025""; CORRECTED: $41.8B through Mar 2025 ($1.4B + $20.2B + $20.2B, all from Enforcement funding); the earlier $53.5B is the cumulative total through Jan 2026 and leaves about $26B","Corrected (my check: oversight.gov IRA snapshot, Mar 2026)"
"E157","96","22","Treasury","IRS equity office cut about 75%","2025-04","","month","Agency action","IRS equity office cut about 75% through layoffs","Verified","Month only","Confirmed by Genspark (not re-checked by me)"
"E158","97","22","Treasury","Flat 15% capital gains","","","none","No event found / non-action","No flat 15% capital-gains change found","No match found","No event",""
"E159","98","23","Export-Import Bank","EXIM expanded, not abolished","2026-02","","month","Agency action","EXIM approves record $10B Project Vault loan (since Feb 2026)","Affirmatively contradicted","Month only",""
"E160","98","23","Export-Import Bank","EXIM expanded, not abolished","2026-12-31","","day","Deadline or scheduled date","EXIM charter expires absent reauthorization","Affirmatively contradicted","Scheduled",""
"E161","99","24","Federal Reserve","Cook removal blocked by Supreme Court","2025-08","","month","Executive action","Trump purports to fire Fed Governor Cook","Attempted, blocked or reversed","Month only",""
"E162","99","24","Federal Reserve","Cook removal blocked by Supreme Court","2026-06-29","","day","Court ruling","Supreme Court rules Trump v. Cook, 5-4, ""for now""","Attempted, blocked or reversed","",""
"E163","100","24","Federal Reserve","Powell pressure campaign","2025-05","","month","Court ruling","Supreme Court signal on Fed removal for policy reasons","Attempted, blocked or reversed","Month only",""
"E164","100","24","Federal Reserve","Powell pressure campaign","2025-08","","month","Announcement or statement","Trump threatens lawsuit over Fed renovation costs","Attempted, blocked or reversed","Month only",""
"E165","100","24","Federal Reserve","Powell pressure campaign","2026","","year","Agency action","DOJ criminal investigation into Powell testimony (""early 2026"")","Attempted, blocked or reversed","Year only",""
"E166","101","24","Federal Reserve","Winfree hired at the Fed","2026-05","2026-06","month","Personnel","Warsh sworn in as Fed Chair; hires Winfree as adviser","Partially verified","Row says about May-June 2026",""
"E167","102","25","SBA","SBA COVID-loan fraud review","2026-06-12","2026-09-01","day","Agency action","DOJ/SBA ""Operation No Doze"" surge takedown","Verified","CORRECTED from 2025: DOJ release (Sep 14, 2026) and SBA OIG release (Sep 16, 2026) give Jun 12 - Sep 1, 2026","Corrected (confirmed in DOJ and SBA OIG releases)"
"E168","102","25","SBA","SBA COVID-loan fraud review","2026-04-24","","day","Agency action","SBA has referred 562,000 suspected-fraud loans to Treasury","Verified","","Confirmed by Genspark (not re-checked by me)"
"E169","103","25","SBA","Disadvantaged-business goals reset","2025-01-24","","day","Agency action","SBA resets disadvantaged-business contracting goals","Partially verified","",""
"E170","104","25","SBA","Disaster lending not scaled back","2025-08-01","","day","Agency action","SBA tells disaster survivors not to wait for insurance","Affirmatively contradicted","",""
"E171","104","25","SBA","Disaster lending not scaled back","2025-10-16","","day","Agency action","SBA repeats guidance on disaster loans","Affirmatively contradicted","",""
"E172","105","26","Trade","IEEPA tariffs struck; Section 122 pivot","2026-02-20","","day","Court ruling","Supreme Court strikes IEEPA tariffs 6-3; administration pivots to Section 122","Verified","","Confirmed by Genspark (not re-checked by me)"
"E173","106","26","Trade","Section 122 authority expires (scheduled)","2026-07-24","","day","Deadline or scheduled date","Section 122 authority hits 150-day limit","Verified","Scheduled in source; not confirmed as completed","Confirmed (my check: multiple tariff trackers, Jul 24, 2026)"
"E174","107","26","Trade","Trade court rules Section 122 tariff invalid","2026-05-07","","day","Court ruling","Court of International Trade rules Section 122 tariff invalid, 2-1","Attempted, blocked or reversed","",""
"E175","108","26","Trade","Federal Circuit stays the ruling","2026-05-12","","day","Court ruling","Federal Circuit stays CIT judgment","Attempted, blocked or reversed","",""
"E176","109","27","Financial regulators","CFPB shutdown attempt tied up in court","2025-02","","month","Personnel","Trump removes CFPB Director Chopra","Attempted, blocked or reversed","Month only",""
"E177","109","27","Financial regulators","CFPB shutdown attempt tied up in court","2025-03-28","","day","Court ruling","Judge Jackson grants preliminary injunction","Attempted, blocked or reversed","",""
"E178","109","27","Financial regulators","CFPB shutdown attempt tied up in court","2025-04-11","","day","Court ruling","D.C. Circuit partially stays injunction","Attempted, blocked or reversed","",""
"E179","109","27","Financial regulators","CFPB shutdown attempt tied up in court","2025-04-28","","day","Court ruling","D.C. Circuit reinstates injunction","Attempted, blocked or reversed","",""
"E180","109","27","Financial regulators","CFPB shutdown attempt tied up in court","2025-08-15","","day","Court ruling","D.C. Circuit vacates injunction 2-1","Attempted, blocked or reversed","",""
"E181","109","27","Financial regulators","CFPB shutdown attempt tied up in court","2025-11","","month","Agency action","Vought attempts to lapse CFPB Federal Reserve funding","Attempted, blocked or reversed","Month only (Nov-Dec 2025)",""
"E182","109","27","Financial regulators","CFPB shutdown attempt tied up in court","2025-12","","month","Court ruling","District court rejects funding-lapse theory in NTEU v. Vought","Attempted, blocked or reversed","Month only",""
"E183","110","27","Financial regulators","Section 1071 data rule narrowed","2025-04","","month","Legislation","Section 1071 repeal bill clears House committee","Partially verified","Month only",""
"E184","110","27","Financial regulators","Section 1071 data rule narrowed","2025-11","","month","Rule or regulation","CFPB proposes narrowing Section 1071 rule","Partially verified","Month only",""
"E185","111","27","Financial regulators","SEC climate rule rescission","2025-03-27","","day","Agency action","SEC votes to end defense of climate-disclosure rules","Partially verified","",""
"E186","111","27","Financial regulators","SEC climate rule rescission","2025-09-12","","day","Court ruling","Eighth Circuit holds case in abeyance","Partially verified","",""
"E187","111","27","Financial regulators","SEC climate rule rescission","2026-05-04","","day","Rule or regulation","SEC submits rescission NPRM to OIRA","Partially verified","",""
"E188","111","27","Financial regulators","SEC climate rule rescission","2026-08-03","","day","Deadline or scheduled date","Comments due on rescission","Partially verified","",""
"E189","112","28","FCC","Fast-track signal for Paramount-WBD merger","2026-03-03","","day","Announcement or statement","Carr signals fast-track approval of Paramount-WBD merger","Verified","","Confirmed by Genspark (not re-checked by me)"
"E190","113","28","FCC","TikTok U.S. divestiture completed","2026-01-22","","day","Agency action","Oracle-led consortium closes TikTok U.S. joint venture (~80% stake)","Verified","CORRECTED from 2025-12-21: framework signed Dec 18, 2025 (see E213); joint venture closed Jan 22-23, 2026","Corrected (Genspark; consistent with search results)"
"E191","114","28","FCC","Early review of ABC licenses","2026-04","","month","Agency action","Carr orders early review of eight ABC licenses","Attempted, blocked or reversed","Month only",""
"E192","114","28","FCC","Early review of ABC licenses","2026-08","","month","Lawsuit or petition filed","ABC, Disney and eight stations sue FCC","Attempted, blocked or reversed","Month only",""
"E193","115","28","FCC","Mandamus petition on news distortion policy","2026-04-28","","day","Lawsuit or petition filed","Former FCC chairs and RTDNA file mandamus petition","Attempted, blocked or reversed","",""
"E194","115","28","FCC","Mandamus petition on news distortion policy","2026-06-22","","day","Deadline or scheduled date","FCC response due to D.C. Circuit","Attempted, blocked or reversed","",""
"E195","116","28","FCC","Paramount-WBD merger approved; states settle","2026-02-27","","day","Announcement or statement","Paramount-WBD merger announced","Attempted, blocked or reversed","",""
"E196","116","28","FCC","Paramount-WBD merger approved; states settle","2026-09-17","","day","Agency action","FCC grants final approval, waiving foreign-ownership cap","Attempted, blocked or reversed","",""
"E197","116","28","FCC","Paramount-WBD merger approved; states settle","2026-09-21","","day","Agency action","Paramount settles with 12 state attorneys general","Attempted, blocked or reversed","",""
"E198","117","28","FCC","Section 230 order not issued","2025","","year","No event found / non-action","No formal Section 230 order issued by FCC","Partially verified","Year only; non-action",""
"E199","118","29","FEC","FEC loses its quorum","2025-05-01","","day","Agency action","FEC loses voting quorum","Verified","","Confirmed by Genspark (not re-checked by me)"
"E200","119","29","FEC","Contribution limits raised (inflation formula)","2025-01-30","","day","Rule or regulation","FEC inflation adjustment raises contribution limits","Verified","","Confirmed by Genspark (not re-checked by me)"
"E201","120","29","FEC","Commissioner Weintraub removal disputed","2025-01-31","","day","Executive action","Trump letter purporting to remove Commissioner Weintraub","Attempted, blocked or reversed","",""
"E202","120","29","FEC","Commissioner Weintraub removal disputed","2025-02-28","","day","Lawsuit or petition filed","DNC/DSCC/DCCC sue over EO 14215","Attempted, blocked or reversed","",""
"E203","120","29","FEC","Commissioner Weintraub removal disputed","2025-06-04","","day","Court ruling","Federal judge dismisses the suit","Attempted, blocked or reversed","",""
"E204","121","30","FTC","FTC names Big Tech a priority","2025-03-13","","day","Announcement or statement","Ferguson names Big Tech a top FTC priority on CNBC","Verified","","Confirmed by Genspark (not re-checked by me)"
"E205","122","30","FTC","Meta case lost; appeal filed","2025-11-18","","day","Court ruling","Judge Boasberg rules Meta not a monopolist","Attempted, blocked or reversed","",""
"E206","122","30","FTC","Meta case lost; appeal filed","2026-01","","month","Announcement or statement","FTC announces appeal to D.C. Circuit","Attempted, blocked or reversed","Month only",""
"E207","123","30","FTC","Antitrust enforcement not reduced","2025","","year","No event found / non-action","FTC keeps Biden-era merger guidelines; no enforcement pullback","Affirmatively contradicted","Year only; non-action",""
"E208","124","30","FTC","Children-online-harms actions","2025-06-04","","day","Agency action","FTC ""Attention Economy"" workshop","Partially verified","",""
"E209","124","30","FTC","Children-online-harms actions","2025-09-02","","day","Agency action","$10M COPPA settlement with Disney","Partially verified","",""
"E210","124","30","FTC","Children-online-harms actions","2025-09-11","","day","Agency action","FTC Section 6(b) inquiry into AI chatbots and children","Partially verified","",""
"E211","125","30","FTC","Statement of interest in BlackRock case","2024-11-27","","day","Lawsuit or petition filed","Texas-led states file Texas v. BlackRock/State Street/Vanguard","Partially verified","Underlying case; before 2025",""
"E212","125","30","FTC","Statement of interest in BlackRock case","2025-05-22","","day","Court ruling","FTC and DOJ file joint Statement of Interest","Partially verified","Filing, not a ruling",""
"E213","113","28","FCC","TikTok U.S. divestiture completed","2025-12-18","","day","Announcement or statement","TikTok signs framework agreement for U.S. joint venture","Verified","Added after fact check (Dec 18, 2025 signing)","Added after fact check"
"E214","95","22","Treasury","IRA IRS funding rescinded","2026-01","","month","Legislation","Consolidated Appropriations Act, 2026 rescinds a further $11.7B of IRA IRS funding, all from Operations Support (total rescinded $53.5B; about $26B remains available through Sep 30, 2031)","Verified","Added after Round 5; month only; CBO scores the rescission at $11.66B","Confirmed Round 5b (BDO and Thomson Reuters for the $11.7B / $11.66B figure; $53.5B / $41.8B / $11.7B breakdown and $26B remaining from a secondary summary of the TIGTA/oversight.gov snapshot through Mar 31, 2026; the PDF itself could not be opened here)"
